"","Treatment.x","Origin.x","N","resid.Pnet","sd","se","ci"
"1","Ambient","Patch",5,0.197021441598034,0.416837212771861,0.186415268661885,0.517571760210422
"2","Ambient","Rim",5,0.325597721223218,0.525955677512723,0.235214529614081,0.653060229418418
"3","Hot","Patch",5,0.44382637523162,0.289515507099681,0.129475270883042,0.35948098208738
"4","Hot","Rim",5,0.078616720122338,0.457316814006707,0.204518296674525,0.567833823725375
