"","Treatment.x","Origin","N","resid.A.TP","sd","se","ci"
"1","Ambient","Patch",5,-0.399117795803003,0.411623895906185,0.184083802481905,0.511098572347083
"2","Ambient","Rim",5,-0.115605671161604,0.418232899952598,0.187039438944176,0.519304734735498
"3","Hot","Patch",5,-0.020926665564833,0.665995806296874,0.297842379121918,0.826943015633516
"4","Hot","Rim",5,0.100104882306494,0.340057704588156,0.152078428746332,0.422237409098925
