"","Treatment.x","Origin.x","N","resid.Pgross","sd","se","ci"
"1","Ambient","Patch",5,0.24272213127973,0.576039606149299,0.257612743416408,0.71524764049506
"2","Ambient","Rim",5,0.195792664136582,0.307446159205884,0.137494102281116,0.381744827271969
"3","Hot","Patch",5,0.514151774998826,0.504387475211623,0.225568936314536,0.626279769115165
"4","Hot","Rim",5,0.2362867548547,0.603085564427062,0.269708063661548,0.74882963318548
