"","Treatment","Origin","N","resid.1","sd","se","ci"
"1","Ambient","Patch",4,0.00331432522213693,0.0334824429477941,0.016741221473897,0.0532780384255399
"2","Ambient","Rim",3,-0.0192818415378301,0.102558000493666,0.0592118891925678,0.254768196668025
"3","Hot","Patch",5,-0.0135953897252656,0.0235323163934751,0.0105239718247686,0.0292192300601183
"4","Hot","Rim",3,-0.0460301319971533,0.0510095629080599,0.0294503848762136,0.126714778879813
