"","Treatment","Origin","N","resid.A.Zoox","sd","se","ci"
"1","Ambient","Patch",5,0.190712238549121,0.462072942565379,0.206645302027909,0.573739337327506
"2","Ambient","Rim",5,-0.240885192210801,0.225896656463942,0.101024055948658,0.28048774564588
"3","Hot","Patch",5,0.26867066000842,0.434850009067935,0.19447083605846,0.539937600878235
"4","Hot","Rim",5,-0.475120450239989,0.690060693929062,0.308604524045212,0.856823520227223
